nome=Matheus;cpf=11111111111111;email=matheus@gg;senha=123456;telefone=123456456465465
nome=Matheus;cpf=11111111111111;email=matheus@gg;senha=123456;telefone=123456456465465
nome=Matheus;cpf=11111111111111;email=matheus@gg;senha=123456;telefone=121111111111111
nome=Matheus;cpf=33333333333333;email=matheus@safs;senha=132456;telefone=123456465
nome=Matheus;cpf=33333333333333;email=matheus@safs;senha=123465;telefone=123456465
nome=2412412;cpf=14;email=trretrt@dfd;senha=123465;telefone=32154
nome=2412412;cpf=14;email=trretrt@dfd;senha=123465;telefone=32154
nome=2412412;cpf=14;email=trretrt@dfd;senha=123465;telefone=32154
nome=2412412;cpf=14;email=trretrt@dfd;senha=123465;telefone=32154
nome=2412412;cpf=14;email=trretrt@dfd;senha=123465;telefone=32154
nome=2412412;cpf=14;email=trretrt@dfd;senha=123465;telefone=32154
nome=2412412;cpf=14;email=trretrt@dfd;senha=123465;telefone=32154
nome=2412412;cpf=14;email=trretrt@dfd;senha=123465;telefone=32154
nome=2412412;cpf=14;email=trretrt@dfd;senha=123465;telefone=32154
nome=2412412;cpf=14;email=trretrt@dfd;senha=123465;telefone=32154
nome=Matheus;cpf=33333333333333;email=matheus@safs;senha=123456;telefone=32132132132
nome=Matheus;cpf=33333333333333;email=matheus@safs;senha=123456;telefone=32132132132
nome=Matheus;cpf=33333333333333;email=gf@ss.dd;senha=132465;telefone=4651353
nome=Matheus;cpf=33333333333333;email=matheus@safs;senha=123456;telefone=123456798
nome=Matheus;cpf=33333333333333;email=matheus@safs;senha=123456;telefone=123456798
nome=Matheus;cpf=33333333333333;email=matheus@safs;senha=123456;telefone=123456798
nome=Matheus;cpf=33333333333333;email=matheus@safs;senha=123456;telefone=123456798
nome=Matheus;cpf=33333333333333;email=matheus@safs;senha=123456;telefone=123456798
nome=Matheus;cpf=33333333333333;email=matheus@safs;senha=123456;telefone=123456798
nome=Matheus;cpf=33333333333333;email=matheus@safs;senha=123456;telefone=123456798
nome=Matheus;cpf=33333333333333;email=matheus@safs;senha=123456;telefone=123456798
nome=Matheus;cpf=33333333333333;email=matheus@safs;senha=123456;telefone=123456798
nome=Matheus;cpf=33333333333333;email=matheus@safs;senha=123456;telefone=123456798
nome=Matheus;cpf=33333333333333;email=matheus@safs;senha=123456;telefone=123456798
nome=Matheus;cpf=33333333333333;email=matheus@safs;senha=123456;telefone=123456798
nome=Matheus;cpf=33333333333333;email=matheus@safs;senha=123456;telefone=123456798
nome=Matheus;cpf=33333333333333;email=matheus@safs;senha=123456;telefone=123456798
nome=Matheus;cpf=33333333333333;email=matheus@safs;senha=123456;telefone=123456798
nome=Matheus;cpf=33333333333333;email=matheus@safs;senha=123456;telefone=123456798
nome=Matheus;cpf=33333333333333;email=matheus@safs;senha=123456;telefone=123456798
nome=Matheus;cpf=33333333333333;email=matheus@safs;senha=123456;telefone=123456798
nome=Matheus;cpf=33333333333333;email=matheus@safs;senha=123456;telefone=123456798
nome=Matheus;cpf=33333333333333;email=matheus@safs;senha=123456;telefone=123456798
nome=Matheus;cpf=33333333333333;email=matheus@safs;senha=123456;telefone=123456798
nome=Matheus;cpf=33333333333333;email=matheus@safs;senha=123456;telefone=123456798
nome=Matheus;cpf=33333333333333;email=matheus@safs;senha=123456;telefone=123456798
nome=Matheus;cpf=33333333333333;email=matheus@safs;senha=123456;telefone=123456798
nome=Matheus;cpf=33333333333333;email=matheus@safs;senha=123456;telefone=123456798
nome=Matheus;cpf=33333333333333;email=matheus@safs;senha=123456;telefone=123456798
